{"CTgNVP53FnrsSNTSZccz3pqfLK7mEpJgoY6yhBLqqtJH":{"volume":0.000118,"cumulativeVolume":9985.48802,"timestamp":1707416140144},"J3N3ReRFe4R7wzZMQPnpswcjG44whV2WCDnSotk3fp8Z":{"volume":76.294902,"cumulativeVolume":7693.293728000003,"timestamp":1707416140248},"7AUqhzocn4dCKGshcCFKKTnL9p3kaNBqrbBoDPBQ3Bp5":{"volume":10.16318,"cumulativeVolume":5287.846222999998,"timestamp":1707416139208},"BWXWbFu8bYtJRrDb4bRpaSPz8PQZvTG8ZK5bwkPWhgcJ":{"volume":52.454383,"cumulativeVolume":0,"timestamp":1707416090408},"M4A6NfcgxNhvYijAQb7WDdcxftwGxsrbB1HTyXigiHN":{"volume":5.878809,"cumulativeVolume":6.6270940000000005,"timestamp":1707416122758},"8wXtPeU6557ETkp9WHFY1n1EcU6NxDvbAggHGsMYiHsB":{"volume":0.769571,"cumulativeVolume":0,"timestamp":1707416090638},"3dgCCb15HMQSA4Pn3Tfii5vRk7aRqTH95LJjxzsG2Mug":{"volume":94.8081,"cumulativeVolume":0,"timestamp":1707416090660},"CxrhHSqyW8YTDWc4csJMMgo7uBUJSXzNzrWhtw9ULdru":{"volume":287.208409,"cumulativeVolume":0,"timestamp":1707416090713},"3RpEekjLE5cdcG15YcXJUpxSepemvq2FpmMcgo342BwC":{"volume":497.840654,"cumulativeVolume":991.185281,"timestamp":1707416106095},"6DSqVXg9WLTWgz6LACqxN757QdHe1sCqkUfojWmxWtok":{"volume":39771.204026,"cumulativeVolume":0,"timestamp":1707416091024},"Dx9NadKzwiXaV17rgg3sCGhHw1Hf3n9ymjsxCoud21an":{"volume":0.008893,"cumulativeVolume":1.127615,"timestamp":1707416111574},"HAZ3e69QYVx6D19EovRq5PnJqfVZD9EQczvL7sfDB6sK":{"volume":102.399793,"cumulativeVolume":1085.684037,"timestamp":1707416138455},"GBQgWoZR6fM9Xfhdd23eq9ZrSZcRdp3RDP2BcLQRSCdY":{"volume":0.000002,"cumulativeVolume":0.000002,"timestamp":1707416093684},"5CFvrM47ydXPDyQEgnQifwF1WNKBMRE1TvySsmQhHYEr":{"volume":7.168338,"cumulativeVolume":27.474446999999998,"timestamp":1707416095724},"EzevfPNbM512dGX6ZEN5jx14Zch2r7XvztuVj76Je69Y":{"volume":23.094792,"cumulativeVolume":520.893349,"timestamp":1707416135559},"GS1VjXDZmDFsiqzBFYoACgRQBmXYuvdPJ88NQcXxg3qM":{"volume":1.384188,"cumulativeVolume":1.384188,"timestamp":1707416092635},"3W52uCb8NW8ruMF9mmJX3oKiYAjdPai4633srsZFQCS6":{"volume":136.00897,"cumulativeVolume":0,"timestamp":1707416092635},"FLrgwxXaX8q8ECF18weDf3PLAYorXST5orpY34d8jfbm":{"volume":18.366508,"cumulativeVolume":0,"timestamp":1707416092939},"3FLKTpLXUwdjFMVzaPMUFAgPv9qeim4kLSjgnoMjtFfk":{"volume":1.505901,"cumulativeVolume":0,"timestamp":1707416093808},"6GUNHYpjwzemt6hHmmujS4xebz7Ny2bJi1gcAkgkdY4S":{"volume":95.751989,"cumulativeVolume":120.400869,"timestamp":1707416129316},"79eXoT1aR7qhBMGKXzVNdV4ZcLqHsupqj2WTFvDumpSZ":{"volume":30.743549,"cumulativeVolume":0,"timestamp":1707416093919},"32xyCmJtBFzmh6AGgszX8PUrhjkduHWsWDqxWkQbrZQ7":{"volume":42.658461,"cumulativeVolume":0,"timestamp":1707416094263},"CAmRdfzxutjCxqvyaDmXWL1rj1Kv1um5UhdPRoYN8eD5":{"volume":69.721148,"cumulativeVolume":125.12985900000001,"timestamp":1707416135109},"596E8VYysZjWbNfqYjMANqQdKnzcu31GSxELKVc5SEow":{"volume":2.950264,"cumulativeVolume":50.10840399999999,"timestamp":1707416131036},"Sf4D3yLnGBEjmvSw9djJWuy2E67qbWmpjieXr4JGPw8":{"volume":0.082969,"cumulativeVolume":0,"timestamp":1707416094573},"28nQJ2pHz74wu88UBFoAnCREP8PzBwHFovSkrrNzWkjQ":{"volume":84.346004,"cumulativeVolume":0,"timestamp":1707416094971},"4awrP5VvcSMHBsYTdiTJMyC1ka26bjGVWCKiRyy5Sfm8":{"volume":170.563484,"cumulativeVolume":0,"timestamp":1707416095418},"D9mFkgnZHnQGRtZKvnJ44yvoLtJmfBZRahXiUKcAzRE4":{"volume":16.60932,"cumulativeVolume":0,"timestamp":1707416095421},"FGYgFJSxZTGzaLwzUL9YZqK2yUZ8seofCwGq8BPEw4o8":{"volume":116.033316,"cumulativeVolume":116.033316,"timestamp":1707416125676},"EZun6G5514FeqYtUv26cBHWLqXjAEdjGuoX6ThBpBtKj":{"volume":0.022657,"cumulativeVolume":0,"timestamp":1707416096288},"DezXAZ8z7PnrnRJjz3wXBoRgixCa6xjnB7YaB1pPB263":{"volume":0.096399,"cumulativeVolume":0,"timestamp":1707416096300},"5z3EqYQo9HiCEs3R84RCDMu2n7anpDMxRhdK8PSWmrRC":{"volume":164.029509,"cumulativeVolume":0,"timestamp":1707416096637},"J1cjhT2dtNosqZLddJexERrepZwrKDCN2Dzd9FxpNvwg":{"volume":0.000003,"cumulativeVolume":0,"timestamp":1707416096692},"FkKzu2HeMJZf4oHwoYPxLGVy3net5Jq8HAfnA5VqETgk":{"volume":0.003758,"cumulativeVolume":0.06683399999999999,"timestamp":1707416110880},"FJicEk2NraKuB35jtaVfE8pA5SZwecDi9SJrDCUqnB3M":{"volume":0.079964,"cumulativeVolume":0,"timestamp":1707416097355},"AgpRoMt5K9R7YYgppk21VnB8c6Ey4y4d1BvJ8126Hf3f":{"volume":5.119306,"cumulativeVolume":37.699944,"timestamp":1707416131014},"J7Zh2aHA1fdcVJx1WHC7gcihLMjdtXw7KGhb3JVKwxsp":{"volume":55.520764,"cumulativeVolume":0,"timestamp":1707416097827},"GG2nenwLtgVCLzr9vndLDZf6oshq7F3cJAQ68yxtaVtp":{"volume":0.000037,"cumulativeVolume":0,"timestamp":1707416097864},"B4cYZYVYeHgLc3W1pCduCYkoS75G6roPaPdPoBCFweNJ":{"volume":103.526277,"cumulativeVolume":0,"timestamp":1707416098120},"5R9paXNjuYynMjjPR7B8xb9C1nWKkGFFCMe8VBqw26Tx":{"volume":1.207299,"cumulativeVolume":1.207299,"timestamp":1707416138369},"F8qtcT3qnwQ24CHksuRrSELtm5k9ob8j64xAzj3JjsMs":{"volume":5.490094,"cumulativeVolume":0,"timestamp":1707416098210},"5ritAPtFPqQtEFHcHVqNjR5oFNUJqcmgKtZyPd2AyLLy":{"volume":56.137213,"cumulativeVolume":0,"timestamp":1707416098303},"G8cEYL7MhmWAUiozQbtwrZA7N224QBXu2nDN22xfMhFA":{"volume":76.754729,"cumulativeVolume":0,"timestamp":1707416098359},"9whtKG9QJXbFj2Boxp13GrS1mmWCcyhHXiuP8BHQaxrP":{"volume":10.248693,"cumulativeVolume":0,"timestamp":1707416098668},"93n51i8anR3ziS6kxqXEACjrvJoXpAxt3qbbo3eaRFRz":{"volume":30.478397,"cumulativeVolume":0,"timestamp":1707416098668},"5rGubJq7x4QM6YtxxR5gpo6xa45ichfRhfnPUCBszHSH":{"volume":0.004798,"cumulativeVolume":0.127082,"timestamp":1707416121983},"3DCxm9pF8WKdWSR3Yg8mbnQiRz8kzrEnyAbX6cWaAHpf":{"volume":0,"cumulativeVolume":0,"timestamp":1707416099164},"DA742YEG6T886whxJFFFSZ48iHj5JJiJyJoDokhBa49a":{"volume":13.908634,"cumulativeVolume":0,"timestamp":1707416099424},"4vqYQTjmKjxrWGtbL2tVkbAU1EVAz9JwcYtd2VE3PbVU":{"volume":215.238061,"cumulativeVolume":0,"timestamp":1707416099425},"DnNYTCeF41rsvAijAL9q6WSpuAWfbtjWo2z4sa563LTY":{"volume":8.155618,"cumulativeVolume":8.304551,"timestamp":1707416111168},"F9SqGPvXLzvvFzTYHcQvMKBCbLvEP11MppJ2nWmbJfAJ":{"volume":0.317074,"cumulativeVolume":0,"timestamp":1707416099837},"29AdRUf7TcUrQndNMUKmx3yaJwju1Be3c5jFp9Pcckai":{"volume":0.068564,"cumulativeVolume":0,"timestamp":1707416100240},"3r6AHDYPonSituYG6gvy2ap6gBJCigFPgSg7SfrSkbkv":{"volume":6.194316,"cumulativeVolume":16399.407194,"timestamp":1707416138447},"EJhqXKJEncSx1HJjS5ZpKdiKGGgLiRgNPvo8JZvw5Guj":{"volume":199.968161,"cumulativeVolume":0,"timestamp":1707416101067},"2e6NAJy1qaKMq8PaswP2uzimMDvbr71Tbw38G6q9SNZ2":{"volume":9.954593,"cumulativeVolume":9.954593,"timestamp":1707416136946},"6dEJEuFvaD8jMyotbvbMx7ixpP2frXnZCSgDexwqkE6B":{"volume":95.172615,"cumulativeVolume":0,"timestamp":1707416101617},"3PUvdBAheC487PsW1B3bJLMUUD5u8kR1ivvANyjk64p6":{"volume":0.000185,"cumulativeVolume":0,"timestamp":1707416102565},"43DCU6q6YQr9R8ymqoKvuAfGQdn83BcmJooiHoBzrg4B":{"volume":203.300906,"cumulativeVolume":0,"timestamp":1707416102586},"8cMLoHL6SiwPVWK3AV6CgiaiVbZuKzafQ2nUki8FHdBR":{"volume":5.931453,"cumulativeVolume":0,"timestamp":1707416102626},"5SgbEBpr6jPNZC2PXk4FkMBa7kkNctrXZmNGZyQCYSxh":{"volume":4.210364,"cumulativeVolume":39.253527999999996,"timestamp":1707416133582},"FfUVHNiRpDdcU7eL2fQy6UHYxREhow6RR9r5r8spNjDQ":{"volume":10.726363,"cumulativeVolume":160.647833,"timestamp":1707416140054},"BVyHzByZEEuiVynUZShrgYqx95Yp9PWGYxbeGAiNHFru":{"volume":1.628737,"cumulativeVolume":0,"timestamp":1707416104459},"EtDV5X34Amqfs89tK9eCkCp7CMddTWgWsNxk1AV6A58e":{"volume":10.238528,"cumulativeVolume":0,"timestamp":1707416104741},"464pbWaDfamdRJyUz6jRix6YFYBE56kmfeVzEe4BVmaF":{"volume":0.010245,"cumulativeVolume":0,"timestamp":1707416106077},"Dzbe85Wc7xAvZnYBwWMe17hgMrbTYjVTCWMiTerqkqk1":{"volume":64.545361,"cumulativeVolume":0,"timestamp":1707416106081},"tQZz1apyqnac2gW3CAodaLvEwrQzQqR5tDBiEUY2LRq":{"volume":1.896225,"cumulativeVolume":0,"timestamp":1707416107783},"cL5WhffCYFRLM4We8VS2W684kM4pHyuvEDwp8Ddw48k":{"volume":0.020362,"cumulativeVolume":0.020362,"timestamp":1707416118662},